Unnamed: 0,gender,race_ethnicity,parental_level_of_education,lunch,test_preparation_course,math_score,reading_score,writing_score
0,Female,Group B,Undergraduate,Standard Lunch,No Prep,72,72,74
1,Female,Group C,Undergraduate,Standard Lunch,Completed Course,69,90,88
2,Female,Group B,Postgraduate,Standard Lunch,No Prep,90,95,93
3,Male,Group A,Undergraduate,Free/Reduced Lunch,No Prep,47,57,44
4,Male,Group C,Undergraduate,Standard Lunch,No Prep,76,78,75
5,Female,Group B,Undergraduate,Standard Lunch,No Prep,71,83,78
6,Female,Group B,Undergraduate,Standard Lunch,Completed Course,88,95,92
7,Male,Group B,Undergraduate,Free/Reduced Lunch,No Prep,40,43,39
8,Male,Group D,Intermediate,Free/Reduced Lunch,Completed Course,64,64,67
9,Female,Group B,Intermediate,Free/Reduced Lunch,No Prep,38,60,50
10,Male,Group C,Undergraduate,Standard Lunch,No Prep,58,54,52
11,Male,Group D,Undergraduate,Standard Lunch,No Prep,40,52,43
12,Female,Group B,Intermediate,Standard Lunch,No Prep,65,81,73
13,Male,Group A,Undergraduate,Standard Lunch,Completed Course,78,72,70
14,Female,Group A,Postgraduate,Standard Lunch,No Prep,50,53,58
15,Female,Group C,Intermediate,Standard Lunch,No Prep,69,75,78
16,Male,Group C,Intermediate,Standard Lunch,No Prep,88,89,86
17,Female,Group B,Intermediate,Free/Reduced Lunch,No Prep,18,32,28
18,Male,Group C,Postgraduate,Free/Reduced Lunch,Completed Course,46,42,46
19,Female,Group C,Undergraduate,Free/Reduced Lunch,No Prep,54,58,61
20,Male,Group D,Intermediate,Standard Lunch,No Prep,66,69,63
21,Female,Group B,Undergraduate,Free/Reduced Lunch,Completed Course,65,75,70
22,Male,Group D,Undergraduate,Standard Lunch,No Prep,44,54,53
23,Female,Group C,Intermediate,Standard Lunch,No Prep,69,73,73
24,Male,Group D,Undergraduate,Free/Reduced Lunch,Completed Course,74,71,80
25,Male,Group A,Postgraduate,Free/Reduced Lunch,No Prep,73,74,72
26,Male,Group B,Undergraduate,Standard Lunch,No Prep,69,54,55
27,Female,Group C,Undergraduate,Standard Lunch,No Prep,67,69,75
28,Male,Group C,Intermediate,Standard Lunch,No Prep,70,70,65
29,Female,Group D,Postgraduate,Standard Lunch,No Prep,62,70,75
30,Female,Group D,Undergraduate,Standard Lunch,No Prep,69,74,74
31,Female,Group B,Undergraduate,Standard Lunch,No Prep,63,65,61
32,Female,Group E,Postgraduate,Free/Reduced Lunch,No Prep,56,72,65
33,Male,Group D,Undergraduate,Standard Lunch,No Prep,40,42,38
34,Male,Group E,Undergraduate,Standard Lunch,No Prep,97,87,82
35,Male,Group E,Undergraduate,Standard Lunch,Completed Course,81,81,79
36,Female,Group D,Undergraduate,Standard Lunch,No Prep,74,81,83
37,Female,Group D,Intermediate,Free/Reduced Lunch,No Prep,50,64,59
38,Female,Group D,Undergraduate,Free/Reduced Lunch,Completed Course,75,90,88
39,Male,Group B,Undergraduate,Free/Reduced Lunch,No Prep,57,56,57
40,Male,Group C,Undergraduate,Free/Reduced Lunch,No Prep,55,61,54
41,Female,Group C,Undergraduate,Standard Lunch,No Prep,58,73,68
42,Female,Group B,Undergraduate,Standard Lunch,No Prep,53,58,65
43,Male,Group B,Undergraduate,Free/Reduced Lunch,Completed Course,59,65,66
44,Female,Group E,Undergraduate,Free/Reduced Lunch,No Prep,50,56,54
45,Male,Group B,Undergraduate,Standard Lunch,No Prep,65,54,57
46,Female,Group A,Undergraduate,Standard Lunch,Completed Course,55,65,62
47,Female,Group C,Intermediate,Standard Lunch,No Prep,66,71,76
48,Female,Group D,Undergraduate,Free/Reduced Lunch,Completed Course,57,74,76
49,Male,Group C,Intermediate,Standard Lunch,Completed Course,82,84,82
50,Male,Group E,Undergraduate,Standard Lunch,No Prep,53,55,48
51,Male,Group E,Undergraduate,Free/Reduced Lunch,Completed Course,77,69,68
52,Male,Group C,Undergraduate,Standard Lunch,No Prep,53,44,42
53,Male,Group D,Intermediate,Standard Lunch,No Prep,88,78,75
54,Female,Group C,Intermediate,Free/Reduced Lunch,Completed Course,71,84,87
55,Female,Group C,Intermediate,Free/Reduced Lunch,No Prep,33,41,43
56,Female,Group E,Undergraduate,Standard Lunch,Completed Course,82,85,86
57,Male,Group D,Undergraduate,Standard Lunch,No Prep,52,55,49
58,Male,Group D,Undergraduate,Standard Lunch,Completed Course,58,59,58
59,Female,Group C,Intermediate,Free/Reduced Lunch,No Prep,0,17,10
60,Male,Group E,Undergraduate,Free/Reduced Lunch,Completed Course,79,74,72
61,Male,Group A,Intermediate,Free/Reduced Lunch,No Prep,39,39,34
62,Male,Group A,Undergraduate,Free/Reduced Lunch,No Prep,62,61,55
63,Female,Group C,Undergraduate,Standard Lunch,No Prep,69,80,71
64,Female,Group D,Intermediate,Standard Lunch,No Prep,59,58,59
65,Male,Group B,Intermediate,Standard Lunch,No Prep,67,64,61
66,Male,Group D,Intermediate,Free/Reduced Lunch,No Prep,45,37,37
67,Female,Group C,Undergraduate,Standard Lunch,No Prep,60,72,74
68,Male,Group B,Undergraduate,Free/Reduced Lunch,No Prep,61,58,56
69,Female,Group C,Undergraduate,Standard Lunch,No Prep,39,64,57
70,Female,Group D,Undergraduate,Free/Reduced Lunch,Completed Course,58,63,73
71,Male,Group D,Undergraduate,Standard Lunch,Completed Course,63,55,63
72,Female,Group A,Undergraduate,Free/Reduced Lunch,No Prep,41,51,48
73,Male,Group C,Intermediate,Free/Reduced Lunch,No Prep,61,57,56
74,Male,Group C,Intermediate,Standard Lunch,No Prep,49,49,41
75,Male,Group B,Undergraduate,Free/Reduced Lunch,No Prep,44,41,38
76,Male,Group E,Intermediate,Standard Lunch,No Prep,30,26,22
77,Male,Group A,Undergraduate,Standard Lunch,Completed Course,80,78,81
78,Female,Group D,Intermediate,Standard Lunch,Completed Course,61,74,72
79,Female,Group E,Postgraduate,Standard Lunch,No Prep,62,68,68
80,Female,Group B,Undergraduate,Standard Lunch,No Prep,47,49,50
81,Male,Group B,Intermediate,Free/Reduced Lunch,No Prep,49,45,45
82,Male,Group A,Undergraduate,Free/Reduced Lunch,Completed Course,50,47,54
83,Male,Group E,Undergraduate,Standard Lunch,No Prep,72,64,63
84,Male,Group D,Intermediate,Free/Reduced Lunch,No Prep,42,39,34
85,Female,Group C,Undergraduate,Standard Lunch,No Prep,73,80,82
86,Female,Group C,Undergraduate,Free/Reduced Lunch,No Prep,76,83,88
87,Female,Group D,Undergraduate,Standard Lunch,No Prep,71,71,74
88,Female,Group A,Undergraduate,Standard Lunch,No Prep,58,70,67
89,Female,Group D,Intermediate,Standard Lunch,No Prep,73,86,82
90,Female,Group C,Undergraduate,Standard Lunch,No Prep,65,72,74
91,Male,Group C,Intermediate,Free/Reduced Lunch,No Prep,27,34,36
92,Male,Group C,Intermediate,Standard Lunch,No Prep,71,79,71
93,Male,Group C,Undergraduate,Free/Reduced Lunch,Completed Course,43,45,50
94,Female,Group B,Undergraduate,Standard Lunch,No Prep,79,86,92
95,Male,Group C,Undergraduate,Free/Reduced Lunch,Completed Course,78,81,82
96,Male,Group B,Intermediate,Standard Lunch,Completed Course,65,66,62
97,Female,Group E,Undergraduate,Standard Lunch,Completed Course,63,72,70
98,Female,Group D,Undergraduate,Free/Reduced Lunch,No Prep,58,67,62
99,Female,Group D,Undergraduate,Standard Lunch,No Prep,65,67,62
100,Male,Group B,Undergraduate,Standard Lunch,No Prep,79,67,67
101,Male,Group D,Undergraduate,Standard Lunch,Completed Course,68,74,74
102,Female,Group D,Undergraduate,Standard Lunch,No Prep,85,91,89
103,Male,Group B,Intermediate,Standard Lunch,Completed Course,60,44,47
104,Male,Group C,Undergraduate,Standard Lunch,Completed Course,98,86,90
105,Female,Group C,Undergraduate,Standard Lunch,No Prep,58,67,72
106,Female,Group D,Postgraduate,Standard Lunch,No Prep,87,100,100
107,Male,Group E,Undergraduate,Standard Lunch,Completed Course,66,63,64
108,Female,Group B,Undergraduate,Free/Reduced Lunch,No Prep,52,76,70
109,Female,Group B,Intermediate,Standard Lunch,No Prep,70,64,72
110,Female,Group D,Undergraduate,Free/Reduced Lunch,Completed Course,77,89,98
111,Male,Group C,Intermediate,Standard Lunch,No Prep,62,55,49
112,Male,Group A,Undergraduate,Standard Lunch,No Prep,54,53,47
113,Female,Group D,Undergraduate,Standard Lunch,No Prep,51,58,54
114,Female,Group E,Undergraduate,Standard Lunch,Completed Course,99,100,100
115,Male,Group C,Intermediate,Standard Lunch,No Prep,84,77,74
116,Female,Group B,Undergraduate,Free/Reduced Lunch,No Prep,75,85,82
117,Female,Group D,Undergraduate,Standard Lunch,No Prep,78,82,79
118,Female,Group D,Intermediate,Standard Lunch,No Prep,51,63,61
119,Female,Group C,Undergraduate,Standard Lunch,No Prep,55,69,65
120,Female,Group C,Undergraduate,Standard Lunch,Completed Course,79,92,89
121,Male,Group B,Undergraduate,Standard Lunch,Completed Course,91,89,92
122,Female,Group C,Undergraduate,Standard Lunch,Completed Course,88,93,93
123,Male,Group D,Intermediate,Free/Reduced Lunch,No Prep,63,57,56
124,Male,Group E,Undergraduate,Standard Lunch,No Prep,83,80,73
125,Female,Group B,Intermediate,Standard Lunch,No Prep,87,95,86
126,Male,Group B,Intermediate,Standard Lunch,No Prep,72,68,67
127,Male,Group D,Undergraduate,Standard Lunch,Completed Course,65,77,74
128,Male,Group D,Postgraduate,Standard Lunch,No Prep,82,82,74
129,Female,Group A,Undergraduate,Standard Lunch,No Prep,51,49,51
130,Male,Group D,Postgraduate,Standard Lunch,No Prep,89,84,82
131,Male,Group C,Intermediate,Free/Reduced Lunch,Completed Course,53,37,40
132,Male,Group E,Undergraduate,Free/Reduced Lunch,Completed Course,87,74,70
133,Female,Group C,Undergraduate,Standard Lunch,Completed Course,75,81,84
134,Male,Group D,Undergraduate,Free/Reduced Lunch,Completed Course,74,79,75
135,Male,Group C,Undergraduate,Standard Lunch,No Prep,58,55,48
136,Male,Group B,Intermediate,Standard Lunch,Completed Course,51,54,41
137,Male,Group E,Intermediate,Standard Lunch,No Prep,70,55,56
138,Female,Group C,Undergraduate,Standard Lunch,No Prep,59,66,67
139,Male,Group D,Undergraduate,Standard Lunch,Completed Course,71,61,69
140,Female,Group D,Intermediate,Standard Lunch,No Prep,76,72,71
141,Female,Group C,Undergraduate,Free/Reduced Lunch,No Prep,59,62,64
142,Female,Group E,Undergraduate,Free/Reduced Lunch,Completed Course,42,55,54
143,Male,Group A,Intermediate,Standard Lunch,No Prep,57,43,47
144,Male,Group D,Undergraduate,Standard Lunch,No Prep,88,73,78
145,Female,Group C,Undergraduate,Free/Reduced Lunch,No Prep,22,39,33
146,Male,Group B,Intermediate,Standard Lunch,No Prep,88,84,75
147,Male,Group C,Undergraduate,Free/Reduced Lunch,No Prep,73,68,66
148,Female,Group D,Undergraduate,Standard Lunch,Completed Course,68,75,81
149,Male,Group E,Undergraduate,Free/Reduced Lunch,Completed Course,100,100,93
150,Male,Group A,Intermediate,Standard Lunch,Completed Course,62,67,69
151,Male,Group A,Undergraduate,Standard Lunch,No Prep,77,67,68
152,Female,Group B,Undergraduate,Standard Lunch,Completed Course,59,70,66
153,Male,Group D,Undergraduate,Standard Lunch,No Prep,54,49,47
154,Male,Group D,Intermediate,Standard Lunch,No Prep,62,67,61
155,Female,Group C,Undergraduate,Standard Lunch,Completed Course,70,89,88
156,Female,Group E,Intermediate,Free/Reduced Lunch,Completed Course,66,74,78
157,Male,Group B,Undergraduate,Free/Reduced Lunch,No Prep,60,60,60
158,Female,Group B,Undergraduate,Standard Lunch,Completed Course,61,86,87
159,Male,Group D,Undergraduate,Free/Reduced Lunch,No Prep,66,62,64
160,Male,Group B,Undergraduate,Free/Reduced Lunch,Completed Course,82,78,74
161,Female,Group E,Undergraduate,Free/Reduced Lunch,Completed Course,75,88,85
162,Male,Group B,Postgraduate,Free/Reduced Lunch,No Prep,49,53,52
163,Male,Group C,Intermediate,Standard Lunch,No Prep,52,53,49
164,Female,Group E,Postgraduate,Standard Lunch,No Prep,81,92,91
165,Female,Group C,Undergraduate,Standard Lunch,Completed Course,96,100,100
166,Male,Group C,Intermediate,Free/Reduced Lunch,Completed Course,53,51,51
167,Female,Group B,Postgraduate,Free/Reduced Lunch,Completed Course,58,76,78
168,Female,Group B,Intermediate,Standard Lunch,Completed Course,68,83,78
169,Female,Group C,Undergraduate,Free/Reduced Lunch,Completed Course,67,75,70
170,Male,Group A,Intermediate,Standard Lunch,Completed Course,72,73,74
171,Male,Group E,Intermediate,Standard Lunch,No Prep,94,88,78
172,Female,Group D,Undergraduate,Standard Lunch,No Prep,79,86,81
173,Female,Group C,Undergraduate,Standard Lunch,No Prep,63,67,70
174,Female,Group C,Undergraduate,Free/Reduced Lunch,Completed Course,43,51,54
175,Female,Group C,Postgraduate,Standard Lunch,Completed Course,81,91,87
176,Female,Group B,Intermediate,Free/Reduced Lunch,Completed Course,46,54,58
177,Female,Group C,Undergraduate,Standard Lunch,Completed Course,71,77,77
178,Female,Group B,Postgraduate,Free/Reduced Lunch,Completed Course,52,70,62
179,Female,Group D,Intermediate,Standard Lunch,Completed Course,97,100,100
180,Male,Group C,Postgraduate,Free/Reduced Lunch,Completed Course,62,68,75
181,Female,Group C,Undergraduate,Free/Reduced Lunch,No Prep,46,64,66
182,Female,Group E,Intermediate,Standard Lunch,No Prep,50,50,47
183,Female,Group D,Undergraduate,Standard Lunch,No Prep,65,69,70
184,Male,Group C,Intermediate,Free/Reduced Lunch,Completed Course,45,52,49
185,Male,Group C,Undergraduate,Free/Reduced Lunch,Completed Course,65,67,65
186,Male,Group E,Intermediate,Standard Lunch,No Prep,80,76,65
187,Male,Group D,Intermediate,Standard Lunch,Completed Course,62,66,68
188,Male,Group B,Intermediate,Free/Reduced Lunch,No Prep,48,52,45
189,Female,Group C,Undergraduate,Standard Lunch,No Prep,77,88,87
190,Female,Group E,Undergraduate,Standard Lunch,No Prep,66,65,69
191,Male,Group D,Undergraduate,Standard Lunch,Completed Course,76,83,79
192,Female,Group B,Intermediate,Standard Lunch,No Prep,62,64,66
193,Male,Group D,Undergraduate,Standard Lunch,Completed Course,77,62,62
194,Female,Group C,Postgraduate,Standard Lunch,Completed Course,69,84,85
195,Male,Group D,Undergraduate,Standard Lunch,No Prep,61,55,52
196,Male,Group C,Intermediate,Free/Reduced Lunch,Completed Course,59,69,65
197,Male,Group E,Intermediate,Free/Reduced Lunch,No Prep,55,56,51
198,Female,Group B,Undergraduate,Free/Reduced Lunch,No Prep,45,53,55
199,Female,Group B,Undergraduate,Free/Reduced Lunch,No Prep,78,79,76
200,Female,Group C,Undergraduate,Standard Lunch,Completed Course,67,84,86
201,Female,Group D,Undergraduate,Free/Reduced Lunch,No Prep,65,81,77
202,Male,Group C,Undergraduate,Standard Lunch,No Prep,69,77,69
203,Female,Group B,Undergraduate,Standard Lunch,No Prep,57,69,68
204,Male,Group C,Undergraduate,Standard Lunch,No Prep,59,41,42
205,Male,Group D,Intermediate,Standard Lunch,Completed Course,74,71,78
206,Male,Group E,Undergraduate,Standard Lunch,No Prep,82,62,62
207,Male,Group E,Intermediate,Standard Lunch,Completed Course,81,80,76
208,Female,Group B,Undergraduate,Free/Reduced Lunch,No Prep,74,81,76
209,Female,Group B,Undergraduate,Free/Reduced Lunch,No Prep,58,61,66
210,Male,Group D,Intermediate,Free/Reduced Lunch,Completed Course,80,79,79
211,Male,Group C,Undergraduate,Free/Reduced Lunch,No Prep,35,28,27
212,Female,Group C,Intermediate,Free/Reduced Lunch,No Prep,42,62,60
213,Male,Group C,Undergraduate,Free/Reduced Lunch,Completed Course,60,51,56
214,Male,Group E,Intermediate,Standard Lunch,Completed Course,87,91,81
215,Male,Group B,Intermediate,Standard Lunch,Completed Course,84,83,75
216,Female,Group E,Undergraduate,Free/Reduced Lunch,Completed Course,83,86,88
217,Female,Group C,Intermediate,Free/Reduced Lunch,No Prep,34,42,39
218,Male,Group B,Intermediate,Free/Reduced Lunch,No Prep,66,77,70
219,Male,Group B,Intermediate,Standard Lunch,Completed Course,61,56,56
220,Female,Group D,Intermediate,Standard Lunch,Completed Course,56,68,74
221,Male,Group B,Undergraduate,Standard Lunch,No Prep,87,85,73
222,Female,Group C,Intermediate,Free/Reduced Lunch,No Prep,55,65,62
223,Male,Group D,Intermediate,Standard Lunch,No Prep,86,80,75
224,Female,Group B,Undergraduate,Standard Lunch,Completed Course,52,66,73
225,Female,Group E,Postgraduate,Free/Reduced Lunch,No Prep,45,56,54
226,Female,Group C,Undergraduate,Standard Lunch,No Prep,72,72,71
227,Male,Group D,Intermediate,Standard Lunch,No Prep,57,50,54
228,Male,Group A,Intermediate,Free/Reduced Lunch,No Prep,68,72,64
229,Female,Group C,Undergraduate,Standard Lunch,Completed Course,88,95,94
230,Male,Group D,Undergraduate,Standard Lunch,No Prep,76,64,66
231,Male,Group C,Undergraduate,Standard Lunch,No Prep,46,43,42
232,Female,Group B,Undergraduate,Standard Lunch,No Prep,67,86,83
233,Male,Group E,Intermediate,Standard Lunch,No Prep,92,87,78
234,Male,Group C,Undergraduate,Standard Lunch,Completed Course,83,82,84
235,Male,Group D,Undergraduate,Standard Lunch,No Prep,80,75,77
236,Male,Group D,Undergraduate,Free/Reduced Lunch,No Prep,63,66,67
237,Female,Group D,Intermediate,Standard Lunch,Completed Course,64,60,74
238,Male,Group B,Undergraduate,Standard Lunch,No Prep,54,52,51
239,Male,Group C,Undergraduate,Standard Lunch,No Prep,84,80,80
240,Male,Group D,Intermediate,Free/Reduced Lunch,Completed Course,73,68,66
241,Female,Group E,Undergraduate,Standard Lunch,No Prep,80,83,83
242,Female,Group D,Intermediate,Standard Lunch,No Prep,56,52,55
243,Male,Group E,Undergraduate,Standard Lunch,No Prep,59,51,43
244,Male,Group D,Intermediate,Standard Lunch,No Prep,75,74,69
245,Male,Group C,Undergraduate,Standard Lunch,No Prep,85,76,71
246,Male,Group E,Undergraduate,Standard Lunch,No Prep,89,76,74
247,Female,Group B,Intermediate,Standard Lunch,Completed Course,58,70,68
248,Female,Group B,Intermediate,Standard Lunch,No Prep,65,64,62
249,Male,Group C,Intermediate,Standard Lunch,No Prep,68,60,53
250,Male,Group A,Intermediate,Standard Lunch,Completed Course,47,49,49
251,Female,Group D,Undergraduate,Free/Reduced Lunch,No Prep,71,83,83
252,Female,Group B,Intermediate,Standard Lunch,Completed Course,60,70,70
253,Male,Group D,Postgraduate,Standard Lunch,No Prep,80,80,72
254,Male,Group D,Intermediate,Standard Lunch,No Prep,54,52,52
255,Female,Group E,Undergraduate,Standard Lunch,No Prep,62,73,70
256,Female,Group C,Undergraduate,Free/Reduced Lunch,No Prep,64,73,68
257,Male,Group C,Undergraduate,Standard Lunch,Completed Course,78,77,77
258,Female,Group B,Undergraduate,Standard Lunch,No Prep,70,75,78
259,Female,Group C,Postgraduate,Free/Reduced Lunch,Completed Course,65,81,81
260,Female,Group C,Intermediate,Free/Reduced Lunch,Completed Course,64,79,77
261,Male,Group C,Undergraduate,Standard Lunch,Completed Course,79,79,78
262,Female,Group C,Intermediate,Free/Reduced Lunch,No Prep,44,50,51
263,Female,Group E,Intermediate,Standard Lunch,No Prep,99,93,90
264,Male,Group D,Intermediate,Standard Lunch,No Prep,76,73,68
265,Male,Group D,Intermediate,Free/Reduced Lunch,No Prep,59,42,41
266,Female,Group C,Undergraduate,Standard Lunch,No Prep,63,75,81
267,Female,Group D,Intermediate,Standard Lunch,No Prep,69,72,77
268,Female,Group D,Undergraduate,Standard Lunch,Completed Course,88,92,95
269,Female,Group E,Undergraduate,Free/Reduced Lunch,No Prep,71,76,70
270,Male,Group C,Undergraduate,Standard Lunch,No Prep,69,63,61
271,Male,Group C,Undergraduate,Standard Lunch,No Prep,58,49,42
272,Female,Group D,Undergraduate,Free/Reduced Lunch,No Prep,47,53,58
273,Female,Group D,Undergraduate,Standard Lunch,No Prep,65,70,71
274,Male,Group B,Undergraduate,Standard Lunch,Completed Course,88,85,76
275,Male,Group C,Undergraduate,Standard Lunch,No Prep,83,78,73
276,Female,Group C,Intermediate,Standard Lunch,Completed Course,85,92,93
277,Female,Group E,Intermediate,Standard Lunch,Completed Course,59,63,75
278,Female,Group C,Intermediate,Free/Reduced Lunch,No Prep,65,86,80
279,Male,Group B,Undergraduate,Free/Reduced Lunch,No Prep,73,56,57
280,Male,Group D,Intermediate,Standard Lunch,No Prep,53,52,42
281,Male,Group D,Intermediate,Standard Lunch,No Prep,45,48,46
282,Female,Group D,Undergraduate,Free/Reduced Lunch,No Prep,73,79,84
283,Female,Group D,Undergraduate,Free/Reduced Lunch,Completed Course,70,78,78
284,Female,Group B,Intermediate,Standard Lunch,No Prep,37,46,46
285,Male,Group B,Undergraduate,Standard Lunch,Completed Course,81,82,82
286,Male,Group E,Undergraduate,Standard Lunch,Completed Course,97,82,88
287,Female,Group B,Intermediate,Standard Lunch,No Prep,67,89,82
288,Male,Group B,Undergraduate,Free/Reduced Lunch,No Prep,88,75,76
289,Male,Group E,Intermediate,Standard Lunch,Completed Course,77,76,77
290,Male,Group C,Undergraduate,Standard Lunch,No Prep,76,70,68
291,Male,Group D,Intermediate,Standard Lunch,No Prep,86,73,70
292,Male,Group C,Intermediate,Standard Lunch,Completed Course,63,60,57
293,Female,Group E,Undergraduate,Standard Lunch,No Prep,65,73,75
294,Male,Group D,Intermediate,Free/Reduced Lunch,Completed Course,78,77,80
295,Male,Group B,Undergraduate,Free/Reduced Lunch,No Prep,67,62,60
296,Male,Group A,Intermediate,Standard Lunch,Completed Course,46,41,43
297,Male,Group E,Undergraduate,Standard Lunch,Completed Course,71,74,68
298,Male,Group C,Intermediate,Free/Reduced Lunch,Completed Course,40,46,50
299,Male,Group D,Undergraduate,Free/Reduced Lunch,No Prep,90,87,75
300,Male,Group A,Undergraduate,Free/Reduced Lunch,Completed Course,81,78,81
301,Male,Group D,Intermediate,Free/Reduced Lunch,No Prep,56,54,52
302,Female,Group C,Undergraduate,Standard Lunch,Completed Course,67,84,81
303,Male,Group B,Undergraduate,Standard Lunch,No Prep,80,76,64
304,Female,Group C,Undergraduate,Standard Lunch,Completed Course,74,75,83
305,Male,Group A,Undergraduate,Standard Lunch,No Prep,69,67,69
306,Male,Group E,Undergraduate,Standard Lunch,Completed Course,99,87,81
307,Male,Group C,Intermediate,Standard Lunch,No Prep,51,52,44
308,Female,Group B,Undergraduate,Free/Reduced Lunch,No Prep,53,71,67
309,Female,Group D,Intermediate,Free/Reduced Lunch,No Prep,49,57,52
310,Female,Group B,Undergraduate,Standard Lunch,No Prep,73,76,80
311,Male,Group B,Undergraduate,Standard Lunch,No Prep,66,60,57
312,Male,Group D,Undergraduate,Standard Lunch,Completed Course,67,61,68
313,Female,Group C,Undergraduate,Free/Reduced Lunch,Completed Course,68,67,69
314,Female,Group C,Undergraduate,Standard Lunch,Completed Course,59,64,75
315,Male,Group C,Intermediate,Standard Lunch,No Prep,71,66,65
316,Female,Group D,Postgraduate,Standard Lunch,Completed Course,77,82,91
317,Male,Group C,Undergraduate,Standard Lunch,No Prep,83,72,78
318,Male,Group B,Undergraduate,Standard Lunch,No Prep,63,71,69
319,Female,Group D,Undergraduate,Free/Reduced Lunch,No Prep,56,65,63
320,Female,Group C,Intermediate,Free/Reduced Lunch,Completed Course,67,79,84
321,Female,Group E,Intermediate,Standard Lunch,No Prep,75,86,79
322,Female,Group C,Undergraduate,Standard Lunch,No Prep,71,81,80
323,Female,Group C,Intermediate,Free/Reduced Lunch,No Prep,43,53,53
324,Female,Group C,Intermediate,Free/Reduced Lunch,No Prep,41,46,43
325,Female,Group C,Undergraduate,Standard Lunch,No Prep,82,90,94
326,Male,Group C,Undergraduate,Standard Lunch,No Prep,61,61,62
327,Male,Group A,Undergraduate,Free/Reduced Lunch,No Prep,28,23,19
328,Male,Group C,Undergraduate,Standard Lunch,Completed Course,82,75,77
329,Female,Group B,Intermediate,Standard Lunch,No Prep,41,55,51
330,Male,Group C,Intermediate,Standard Lunch,No Prep,71,60,61
331,Male,Group C,Undergraduate,Standard Lunch,No Prep,47,37,35
332,Male,Group E,Undergraduate,Standard Lunch,Completed Course,62,56,53
333,Male,Group B,Undergraduate,Standard Lunch,No Prep,90,78,81
334,Female,Group C,Undergraduate,Standard Lunch,No Prep,83,93,95
335,Female,Group B,Undergraduate,Free/Reduced Lunch,No Prep,61,68,66
336,Male,Group D,Intermediate,Standard Lunch,Completed Course,76,70,69
337,Male,Group C,Undergraduate,Standard Lunch,No Prep,49,51,43
338,Female,Group B,Intermediate,Free/Reduced Lunch,No Prep,24,38,27
339,Female,Group D,Intermediate,Free/Reduced Lunch,Completed Course,35,55,60
340,Male,Group C,Intermediate,Free/Reduced Lunch,No Prep,58,61,52
341,Female,Group C,Intermediate,Standard Lunch,No Prep,61,73,63
342,Female,Group B,Intermediate,Standard Lunch,Completed Course,69,76,74
343,Male,Group D,Undergraduate,Standard Lunch,Completed Course,67,72,67
344,Male,Group D,Undergraduate,Standard Lunch,No Prep,79,73,67
345,Female,Group C,Intermediate,Standard Lunch,No Prep,72,80,75
346,Male,Group B,Undergraduate,Standard Lunch,No Prep,62,61,57
347,Female,Group C,Undergraduate,Standard Lunch,Completed Course,77,94,95
348,Male,Group D,Intermediate,Free/Reduced Lunch,No Prep,75,74,66
349,Male,Group E,Undergraduate,Standard Lunch,No Prep,87,74,76
350,Female,Group B,Undergraduate,Standard Lunch,No Prep,52,65,69
351,Male,Group E,Undergraduate,Standard Lunch,No Prep,66,57,52
352,Female,Group C,Undergraduate,Standard Lunch,Completed Course,63,78,80
353,Female,Group C,Undergraduate,Standard Lunch,No Prep,46,58,57
354,Female,Group C,Undergraduate,Standard Lunch,No Prep,59,71,70
355,Female,Group B,Undergraduate,Standard Lunch,No Prep,61,72,70
356,Male,Group A,Undergraduate,Standard Lunch,No Prep,63,61,61
357,Female,Group C,Undergraduate,Free/Reduced Lunch,Completed Course,42,66,69
358,Male,Group D,Undergraduate,Free/Reduced Lunch,No Prep,59,62,61
359,Female,Group D,Undergraduate,Standard Lunch,No Prep,80,90,89
360,Female,Group B,Intermediate,Standard Lunch,No Prep,58,62,59
361,Male,Group B,Intermediate,Standard Lunch,Completed Course,85,84,78
362,Female,Group C,Undergraduate,Standard Lunch,No Prep,52,58,58
363,Female,Group D,Intermediate,Free/Reduced Lunch,No Prep,27,34,32
364,Male,Group C,Undergraduate,Standard Lunch,No Prep,59,60,58
365,Male,Group A,Undergraduate,Free/Reduced Lunch,Completed Course,49,58,60
366,Male,Group C,Intermediate,Standard Lunch,Completed Course,69,58,53
367,Male,Group C,Undergraduate,Free/Reduced Lunch,No Prep,61,66,61
368,Female,Group A,Intermediate,Free/Reduced Lunch,No Prep,44,64,58
369,Female,Group D,Intermediate,Standard Lunch,No Prep,73,84,85
370,Male,Group E,Undergraduate,Standard Lunch,No Prep,84,77,71
371,Female,Group C,Undergraduate,Free/Reduced Lunch,Completed Course,45,73,70
372,Male,Group D,Intermediate,Standard Lunch,No Prep,74,74,72
373,Female,Group D,Undergraduate,Standard Lunch,Completed Course,82,97,96
374,Female,Group D,Undergraduate,Standard Lunch,No Prep,59,70,73
375,Male,Group E,Undergraduate,Free/Reduced Lunch,No Prep,46,43,41
376,Female,Group D,Intermediate,Standard Lunch,No Prep,80,90,82
377,Female,Group D,Postgraduate,Free/Reduced Lunch,Completed Course,85,95,100
378,Female,Group A,Intermediate,Standard Lunch,No Prep,71,83,77
379,Male,Group A,Undergraduate,Standard Lunch,No Prep,66,64,62
380,Female,Group B,Undergraduate,Standard Lunch,No Prep,80,86,83
381,Male,Group C,Undergraduate,Standard Lunch,Completed Course,87,100,95
382,Male,Group C,Postgraduate,Free/Reduced Lunch,No Prep,79,81,71
383,Female,Group E,Intermediate,Free/Reduced Lunch,No Prep,38,49,45
384,Female,Group A,Intermediate,Free/Reduced Lunch,No Prep,38,43,43
385,Female,Group E,Undergraduate,Standard Lunch,No Prep,67,76,75
386,Female,Group E,Undergraduate,Standard Lunch,No Prep,64,73,70
387,Female,Group C,Undergraduate,Free/Reduced Lunch,No Prep,57,78,67
388,Female,Group D,Intermediate,Standard Lunch,No Prep,62,64,64
389,Male,Group D,Postgraduate,Standard Lunch,No Prep,73,70,75
390,Male,Group E,Intermediate,Free/Reduced Lunch,Completed Course,73,67,59
391,Female,Group D,Undergraduate,Standard Lunch,No Prep,77,68,77
392,Male,Group E,Undergraduate,Standard Lunch,No Prep,76,67,67
393,Male,Group C,Undergraduate,Standard Lunch,Completed Course,57,54,56
394,Female,Group C,Intermediate,Standard Lunch,Completed Course,65,74,77
395,Male,Group A,Intermediate,Free/Reduced Lunch,No Prep,48,45,41
396,Female,Group B,Intermediate,Free/Reduced Lunch,No Prep,50,67,63
397,Female,Group C,Undergraduate,Standard Lunch,No Prep,85,89,95
398,Male,Group B,Intermediate,Standard Lunch,No Prep,74,63,57
399,Male,Group D,Intermediate,Standard Lunch,No Prep,60,59,54
400,Female,Group C,Intermediate,Standard Lunch,Completed Course,59,54,67
401,Male,Group A,Undergraduate,Standard Lunch,No Prep,53,43,43
402,Female,Group A,Undergraduate,Free/Reduced Lunch,No Prep,49,65,55
403,Female,Group D,Intermediate,Standard Lunch,Completed Course,88,99,100
404,Female,Group C,Intermediate,Standard Lunch,No Prep,54,59,62
405,Female,Group C,Intermediate,Standard Lunch,No Prep,63,73,68
406,Male,Group B,Undergraduate,Standard Lunch,Completed Course,65,65,63
407,Female,Group B,Undergraduate,Standard Lunch,No Prep,82,80,77
408,Female,Group D,Intermediate,Free/Reduced Lunch,Completed Course,52,57,56
409,Male,Group D,Undergraduate,Standard Lunch,Completed Course,87,84,85
410,Female,Group D,Postgraduate,Standard Lunch,Completed Course,70,71,74
411,Male,Group E,Undergraduate,Standard Lunch,Completed Course,84,83,78
412,Male,Group D,Undergraduate,Standard Lunch,No Prep,71,66,60
413,Male,Group B,Intermediate,Standard Lunch,Completed Course,63,67,67
414,Female,Group C,Undergraduate,Free/Reduced Lunch,Completed Course,51,72,79
415,Male,Group E,Intermediate,Standard Lunch,No Prep,84,73,69
416,Male,Group C,Undergraduate,Standard Lunch,Completed Course,71,74,68
417,Male,Group C,Undergraduate,Standard Lunch,No Prep,74,73,67
418,Male,Group D,Undergraduate,Standard Lunch,No Prep,68,59,62
419,Male,Group E,Intermediate,Free/Reduced Lunch,Completed Course,57,56,54
420,Female,Group C,Undergraduate,Free/Reduced Lunch,Completed Course,82,93,93
421,Female,Group D,Intermediate,Standard Lunch,Completed Course,57,58,64
422,Female,Group D,Postgraduate,Free/Reduced Lunch,Completed Course,47,58,67
423,Female,Group A,Intermediate,Standard Lunch,Completed Course,59,85,80
424,Male,Group B,Undergraduate,Free/Reduced Lunch,No Prep,41,39,34
425,Female,Group C,Undergraduate,Free/Reduced Lunch,No Prep,62,67,62
426,Male,Group C,Undergraduate,Standard Lunch,No Prep,86,83,86
427,Male,Group C,Intermediate,Free/Reduced Lunch,No Prep,69,71,65
428,Male,Group A,Intermediate,Free/Reduced Lunch,No Prep,65,59,53
429,Male,Group C,Intermediate,Free/Reduced Lunch,No Prep,68,63,54
430,Male,Group C,Undergraduate,Free/Reduced Lunch,No Prep,64,66,59
431,Female,Group C,Intermediate,Standard Lunch,No Prep,61,72,70
432,Male,Group C,Intermediate,Standard Lunch,No Prep,61,56,55
433,Female,Group A,Intermediate,Free/Reduced Lunch,No Prep,47,59,50
434,Male,Group C,Intermediate,Standard Lunch,No Prep,73,66,66
435,Male,Group C,Undergraduate,Free/Reduced Lunch,Completed Course,50,48,53
436,Male,Group D,Undergraduate,Standard Lunch,No Prep,75,68,64
437,Male,Group D,Undergraduate,Free/Reduced Lunch,No Prep,75,66,73
438,Male,Group C,Intermediate,Standard Lunch,No Prep,70,56,51
439,Male,Group D,Intermediate,Standard Lunch,Completed Course,89,88,82
440,Female,Group C,Undergraduate,Standard Lunch,Completed Course,67,81,79
441,Female,Group D,Intermediate,Standard Lunch,No Prep,78,81,80
442,Female,Group A,Intermediate,Free/Reduced Lunch,No Prep,59,73,69
443,Female,Group B,Undergraduate,Standard Lunch,No Prep,73,83,76
444,Male,Group A,Intermediate,Free/Reduced Lunch,No Prep,79,82,73
445,Female,Group C,Intermediate,Standard Lunch,Completed Course,67,74,77
446,Male,Group D,Undergraduate,Free/Reduced Lunch,No Prep,69,66,60
447,Male,Group C,Intermediate,Standard Lunch,Completed Course,86,81,80
448,Male,Group B,Intermediate,Standard Lunch,No Prep,47,46,42
449,Male,Group B,Undergraduate,Standard Lunch,No Prep,81,73,72
450,Female,Group C,Undergraduate,Free/Reduced Lunch,Completed Course,64,85,85
451,Female,Group E,Undergraduate,Standard Lunch,No Prep,100,92,97
452,Female,Group C,Undergraduate,Free/Reduced Lunch,No Prep,65,77,74
453,Male,Group C,Undergraduate,Free/Reduced Lunch,No Prep,65,58,49
454,Female,Group C,Undergraduate,Free/Reduced Lunch,No Prep,53,61,62
455,Male,Group C,Undergraduate,Free/Reduced Lunch,No Prep,37,56,47
456,Female,Group D,Undergraduate,Standard Lunch,No Prep,79,89,89
457,Male,Group D,Undergraduate,Free/Reduced Lunch,No Prep,53,54,48
458,Female,Group E,Undergraduate,Standard Lunch,No Prep,100,100,100
459,Male,Group B,Intermediate,Standard Lunch,Completed Course,72,65,68
460,Male,Group C,Undergraduate,Free/Reduced Lunch,No Prep,53,58,55
461,Male,Group B,Undergraduate,Free/Reduced Lunch,No Prep,54,54,45
462,Female,Group E,Undergraduate,Standard Lunch,No Prep,71,70,76
463,Female,Group C,Undergraduate,Free/Reduced Lunch,No Prep,77,90,91
464,Male,Group A,Undergraduate,Standard Lunch,Completed Course,75,58,62
465,Female,Group C,Undergraduate,Standard Lunch,No Prep,84,87,91
466,Female,Group D,Undergraduate,Free/Reduced Lunch,No Prep,26,31,38
467,Male,Group A,Intermediate,Free/Reduced Lunch,Completed Course,72,67,65
468,Female,Group A,Intermediate,Free/Reduced Lunch,Completed Course,77,88,85
469,Male,Group C,Undergraduate,Standard Lunch,No Prep,91,74,76
470,Female,Group C,Undergraduate,Standard Lunch,Completed Course,83,85,90
471,Female,Group C,Intermediate,Standard Lunch,No Prep,63,69,74
472,Female,Group C,Undergraduate,Standard Lunch,Completed Course,68,86,84
473,Female,Group D,Intermediate,Standard Lunch,No Prep,59,67,61
474,Female,Group B,Undergraduate,Standard Lunch,Completed Course,90,90,91
475,Female,Group D,Undergraduate,Standard Lunch,Completed Course,71,76,83
476,Male,Group E,Undergraduate,Standard Lunch,Completed Course,76,62,66
477,Male,Group D,Undergraduate,Standard Lunch,No Prep,80,68,72
478,Female,Group D,Postgraduate,Standard Lunch,No Prep,55,64,70
479,Male,Group E,Undergraduate,Standard Lunch,No Prep,76,71,67
480,Male,Group B,Intermediate,Standard Lunch,Completed Course,73,71,68
481,Female,Group D,Undergraduate,Free/Reduced Lunch,No Prep,52,59,56
482,Male,Group C,Undergraduate,Free/Reduced Lunch,No Prep,68,68,61
483,Male,Group A,Intermediate,Standard Lunch,No Prep,59,52,46
484,Female,Group B,Undergraduate,Standard Lunch,No Prep,49,52,54
485,Male,Group C,Intermediate,Standard Lunch,No Prep,70,74,71
486,Male,Group D,Undergraduate,Free/Reduced Lunch,No Prep,61,47,56
487,Female,Group C,Undergraduate,Free/Reduced Lunch,No Prep,60,75,74
488,Male,Group B,Intermediate,Standard Lunch,Completed Course,64,53,57
489,Male,Group A,Undergraduate,Free/Reduced Lunch,Completed Course,79,82,82
490,Female,Group A,Undergraduate,Free/Reduced Lunch,No Prep,65,85,76
491,Female,Group C,Undergraduate,Standard Lunch,No Prep,64,64,70
492,Female,Group C,Undergraduate,Standard Lunch,No Prep,83,83,90
493,Female,Group C,Undergraduate,Standard Lunch,No Prep,81,88,90
494,Female,Group B,Intermediate,Standard Lunch,No Prep,54,64,68
495,Male,Group D,Intermediate,Standard Lunch,Completed Course,68,64,66
496,Female,Group C,Undergraduate,Standard Lunch,No Prep,54,48,52
497,Female,Group D,Undergraduate,Free/Reduced Lunch,Completed Course,59,78,76
498,Female,Group B,Intermediate,Standard Lunch,No Prep,66,69,68
499,Male,Group E,Undergraduate,Standard Lunch,No Prep,76,71,72
500,Female,Group D,Postgraduate,Standard Lunch,No Prep,74,79,82
501,Female,Group B,Undergraduate,Standard Lunch,Completed Course,94,87,92
502,Male,Group C,Undergraduate,Free/Reduced Lunch,No Prep,63,61,54
503,Female,Group E,Undergraduate,Standard Lunch,Completed Course,95,89,92
504,Female,Group D,Postgraduate,Free/Reduced Lunch,No Prep,40,59,54
505,Female,Group B,Intermediate,Standard Lunch,No Prep,82,82,80
506,Male,Group A,Intermediate,Standard Lunch,No Prep,68,70,66
507,Male,Group B,Undergraduate,Free/Reduced Lunch,No Prep,55,59,54
508,Male,Group C,Postgraduate,Standard Lunch,No Prep,79,78,77
509,Female,Group C,Undergraduate,Standard Lunch,No Prep,86,92,87
510,Male,Group D,Undergraduate,Standard Lunch,No Prep,76,71,73
511,Male,Group A,Intermediate,Standard Lunch,No Prep,64,50,43
512,Male,Group D,Intermediate,Free/Reduced Lunch,No Prep,62,49,52
513,Female,Group B,Intermediate,Standard Lunch,Completed Course,54,61,62
514,Female,Group B,Postgraduate,Free/Reduced Lunch,Completed Course,77,97,94
515,Female,Group C,Intermediate,Standard Lunch,Completed Course,76,87,85
516,Female,Group D,Undergraduate,Standard Lunch,No Prep,74,89,84
517,Female,Group E,Undergraduate,Standard Lunch,Completed Course,66,74,73
518,Female,Group D,Intermediate,Standard Lunch,Completed Course,66,78,78
519,Female,Group B,Intermediate,Free/Reduced Lunch,Completed Course,67,78,79
520,Male,Group D,Undergraduate,Standard Lunch,No Prep,71,49,52
521,Female,Group C,Undergraduate,Standard Lunch,No Prep,91,86,84
522,Male,Group D,Undergraduate,Standard Lunch,No Prep,69,58,57
523,Male,Group C,Postgraduate,Free/Reduced Lunch,No Prep,54,59,50
524,Male,Group C,Intermediate,Standard Lunch,Completed Course,53,52,49
525,Male,Group E,Undergraduate,Standard Lunch,No Prep,68,60,59
526,Male,Group C,Intermediate,Free/Reduced Lunch,Completed Course,56,61,60
527,Female,Group C,Intermediate,Free/Reduced Lunch,No Prep,36,53,43
528,Female,Group D,Undergraduate,Free/Reduced Lunch,No Prep,29,41,47
529,Female,Group C,Undergraduate,Standard Lunch,No Prep,62,74,70
530,Female,Group C,Undergraduate,Standard Lunch,Completed Course,68,67,73
531,Female,Group C,Intermediate,Standard Lunch,No Prep,47,54,53
532,Male,Group E,Undergraduate,Standard Lunch,Completed Course,62,61,58
533,Female,Group E,Undergraduate,Standard Lunch,Completed Course,79,88,94
534,Male,Group B,Intermediate,Standard Lunch,Completed Course,73,69,68
535,Female,Group C,Undergraduate,Free/Reduced Lunch,Completed Course,66,83,83
536,Male,Group C,Undergraduate,Standard Lunch,Completed Course,51,60,58
537,Female,Group D,Intermediate,Standard Lunch,No Prep,51,66,62
538,Male,Group E,Undergraduate,Standard Lunch,Completed Course,85,66,71
539,Male,Group A,Undergraduate,Standard Lunch,Completed Course,97,92,86
540,Male,Group C,Intermediate,Standard Lunch,Completed Course,75,69,68
541,Male,Group D,Undergraduate,Free/Reduced Lunch,Completed Course,79,82,80
542,Female,Group C,Undergraduate,Standard Lunch,No Prep,81,77,79
543,Female,Group D,Undergraduate,Standard Lunch,No Prep,82,95,89
544,Female,Group D,Postgraduate,Standard Lunch,No Prep,64,63,66
545,Male,Group E,Intermediate,Free/Reduced Lunch,Completed Course,78,83,80
546,Female,Group A,Intermediate,Standard Lunch,Completed Course,92,100,97
547,Male,Group C,Intermediate,Standard Lunch,Completed Course,72,67,64
548,Female,Group C,Intermediate,Free/Reduced Lunch,No Prep,62,67,64
549,Male,Group C,Postgraduate,Standard Lunch,No Prep,79,72,69
550,Male,Group C,Intermediate,Free/Reduced Lunch,No Prep,79,76,65
551,Male,Group B,Undergraduate,Free/Reduced Lunch,Completed Course,87,90,88
552,Female,Group B,Undergraduate,Standard Lunch,No Prep,40,48,50
553,Male,Group D,Undergraduate,Free/Reduced Lunch,No Prep,77,62,64
554,Male,Group E,Undergraduate,Standard Lunch,No Prep,53,45,40
555,Female,Group C,Undergraduate,Free/Reduced Lunch,No Prep,32,39,33
556,Female,Group C,Undergraduate,Standard Lunch,Completed Course,55,72,79
557,Male,Group C,Postgraduate,Free/Reduced Lunch,No Prep,61,67,66
558,Female,Group B,Undergraduate,Free/Reduced Lunch,No Prep,53,70,70
559,Male,Group D,Intermediate,Standard Lunch,No Prep,73,66,62
560,Female,Group D,Undergraduate,Standard Lunch,Completed Course,74,75,79
561,Female,Group C,Undergraduate,Standard Lunch,No Prep,63,74,74
562,Male,Group C,Undergraduate,Standard Lunch,Completed Course,96,90,92
563,Female,Group D,Undergraduate,Free/Reduced Lunch,Completed Course,63,80,80
564,Male,Group B,Undergraduate,Free/Reduced Lunch,No Prep,48,51,46
565,Male,Group B,Undergraduate,Standard Lunch,No Prep,48,43,45
566,Female,Group E,Undergraduate,Free/Reduced Lunch,Completed Course,92,100,100
567,Female,Group D,Postgraduate,Free/Reduced Lunch,Completed Course,61,71,78
568,Male,Group B,Intermediate,Free/Reduced Lunch,No Prep,63,48,47
569,Male,Group D,Undergraduate,Free/Reduced Lunch,No Prep,68,68,67
570,Male,Group B,Undergraduate,Standard Lunch,Completed Course,71,75,70
571,Male,Group A,Undergraduate,Standard Lunch,No Prep,91,96,92
572,Female,Group C,Undergraduate,Standard Lunch,No Prep,53,62,56
573,Female,Group C,Intermediate,Free/Reduced Lunch,Completed Course,50,66,64
574,Female,Group E,Intermediate,Standard Lunch,No Prep,74,81,71
575,Male,Group A,Undergraduate,Free/Reduced Lunch,Completed Course,40,55,53
576,Male,Group A,Undergraduate,Standard Lunch,Completed Course,61,51,52
577,Female,Group B,Intermediate,Standard Lunch,No Prep,81,91,89
578,Female,Group B,Undergraduate,Free/Reduced Lunch,Completed Course,48,56,58
579,Female,Group D,Postgraduate,Standard Lunch,No Prep,53,61,68
580,Female,Group D,Intermediate,Standard Lunch,No Prep,81,97,96
581,Female,Group E,Intermediate,Standard Lunch,No Prep,77,79,80
582,Female,Group D,Undergraduate,Free/Reduced Lunch,No Prep,63,73,78
583,Female,Group D,Undergraduate,Standard Lunch,Completed Course,73,75,80
584,Female,Group D,Undergraduate,Standard Lunch,No Prep,69,77,77
585,Female,Group C,Undergraduate,Standard Lunch,No Prep,65,76,76
586,Female,Group A,Intermediate,Standard Lunch,No Prep,55,73,73
587,Female,Group C,Undergraduate,Free/Reduced Lunch,No Prep,44,63,62
588,Female,Group C,Undergraduate,Standard Lunch,No Prep,54,64,65
589,Female,Group A,Intermediate,Standard Lunch,No Prep,48,66,65
590,Male,Group C,Undergraduate,Free/Reduced Lunch,No Prep,58,57,54
591,Male,Group A,Intermediate,Standard Lunch,No Prep,71,62,50
592,Male,Group E,Undergraduate,Standard Lunch,No Prep,68,68,64
593,Female,Group E,Intermediate,Standard Lunch,No Prep,74,76,73
594,Female,Group C,Undergraduate,Standard Lunch,Completed Course,92,100,99
595,Female,Group C,Undergraduate,Standard Lunch,Completed Course,56,79,72
596,Male,Group B,Intermediate,Free/Reduced Lunch,No Prep,30,24,15
597,Male,Group A,Intermediate,Standard Lunch,No Prep,53,54,48
598,Female,Group D,Intermediate,Standard Lunch,No Prep,69,77,73
599,Female,Group D,Intermediate,Standard Lunch,No Prep,65,82,81
600,Female,Group D,Postgraduate,Standard Lunch,No Prep,54,60,63
601,Female,Group C,Intermediate,Standard Lunch,No Prep,29,29,30
602,Female,Group E,Undergraduate,Standard Lunch,No Prep,76,78,80
603,Male,Group D,Intermediate,Free/Reduced Lunch,No Prep,60,57,51
604,Male,Group D,Postgraduate,Free/Reduced Lunch,Completed Course,84,89,90
605,Male,Group C,Intermediate,Standard Lunch,No Prep,75,72,62
606,Female,Group C,Undergraduate,Standard Lunch,No Prep,85,84,82
607,Female,Group C,Postgraduate,Free/Reduced Lunch,No Prep,40,58,54
608,Female,Group E,Undergraduate,Standard Lunch,No Prep,61,64,62
609,Female,Group B,Undergraduate,Standard Lunch,No Prep,58,63,65
610,Male,Group D,Undergraduate,Free/Reduced Lunch,Completed Course,69,60,63
611,Female,Group C,Undergraduate,Standard Lunch,No Prep,58,59,66
612,Male,Group C,Undergraduate,Standard Lunch,Completed Course,94,90,91
613,Female,Group C,Undergraduate,Standard Lunch,No Prep,65,77,74
614,Female,Group A,Undergraduate,Standard Lunch,No Prep,82,93,93
615,Female,Group C,Intermediate,Standard Lunch,No Prep,60,68,72
616,Female,Group E,Undergraduate,Standard Lunch,No Prep,37,45,38
617,Male,Group D,Undergraduate,Standard Lunch,No Prep,88,78,83
618,Male,Group D,Postgraduate,Standard Lunch,No Prep,95,81,84
619,Male,Group C,Undergraduate,Free/Reduced Lunch,Completed Course,65,73,68
620,Female,Group C,Intermediate,Free/Reduced Lunch,No Prep,35,61,54
621,Male,Group B,Undergraduate,Free/Reduced Lunch,No Prep,62,63,56
622,Male,Group C,Intermediate,Free/Reduced Lunch,Completed Course,58,51,52
623,Male,Group A,Undergraduate,Standard Lunch,Completed Course,100,96,86
624,Female,Group E,Undergraduate,Free/Reduced Lunch,No Prep,61,58,62
625,Male,Group D,Undergraduate,Standard Lunch,Completed Course,100,97,99
626,Male,Group B,Undergraduate,Free/Reduced Lunch,Completed Course,69,70,63
627,Male,Group D,Undergraduate,Standard Lunch,No Prep,61,48,46
628,Male,Group D,Undergraduate,Free/Reduced Lunch,No Prep,49,57,46
629,Female,Group C,Intermediate,Standard Lunch,Completed Course,44,51,55
630,Male,Group D,Undergraduate,Standard Lunch,No Prep,67,64,70
631,Male,Group B,Intermediate,Standard Lunch,No Prep,79,60,65
632,Female,Group B,Undergraduate,Standard Lunch,Completed Course,66,74,81
633,Female,Group C,Intermediate,Standard Lunch,No Prep,75,88,85
634,Male,Group D,Intermediate,Standard Lunch,No Prep,84,84,80
635,Male,Group A,Intermediate,Standard Lunch,No Prep,71,74,64
636,Female,Group B,Intermediate,Free/Reduced Lunch,Completed Course,67,80,81
637,Female,Group D,Intermediate,Standard Lunch,Completed Course,80,92,88
638,Male,Group E,Undergraduate,Standard Lunch,No Prep,86,76,74
639,Female,Group D,Undergraduate,Standard Lunch,No Prep,76,74,73
640,Male,Group D,Intermediate,Standard Lunch,No Prep,41,52,51
641,Female,Group D,Undergraduate,Free/Reduced Lunch,Completed Course,74,88,90
642,Female,Group B,Intermediate,Free/Reduced Lunch,No Prep,72,81,79
643,Female,Group E,Intermediate,Standard Lunch,Completed Course,74,79,80
644,Male,Group B,Intermediate,Standard Lunch,No Prep,70,65,60
645,Female,Group B,Undergraduate,Standard Lunch,Completed Course,65,81,81
646,Female,Group D,Undergraduate,Standard Lunch,No Prep,59,70,65
647,Female,Group E,Intermediate,Free/Reduced Lunch,No Prep,64,62,68
648,Female,Group B,Intermediate,Standard Lunch,No Prep,50,53,55
649,Female,Group D,Undergraduate,Standard Lunch,Completed Course,69,79,81
650,Male,Group C,Intermediate,Free/Reduced Lunch,Completed Course,51,56,53
651,Female,Group A,Intermediate,Standard Lunch,Completed Course,68,80,76
652,Female,Group D,Undergraduate,Standard Lunch,Completed Course,85,86,98
653,Female,Group A,Undergraduate,Standard Lunch,Completed Course,65,70,74
654,Female,Group B,Intermediate,Standard Lunch,No Prep,73,79,79
655,Female,Group B,Undergraduate,Standard Lunch,No Prep,62,67,67
656,Male,Group C,Undergraduate,Free/Reduced Lunch,No Prep,77,67,64
657,Male,Group D,Intermediate,Standard Lunch,No Prep,69,66,61
658,Female,Group D,Undergraduate,Free/Reduced Lunch,No Prep,43,60,58
659,Male,Group D,Undergraduate,Standard Lunch,No Prep,90,87,85
660,Male,Group C,Undergraduate,Free/Reduced Lunch,No Prep,74,77,73
661,Male,Group C,Intermediate,Standard Lunch,No Prep,73,66,63
662,Female,Group D,Undergraduate,Free/Reduced Lunch,No Prep,55,71,69
663,Female,Group C,Intermediate,Standard Lunch,No Prep,65,69,67
664,Male,Group D,Undergraduate,Standard Lunch,No Prep,80,63,63
665,Female,Group C,Intermediate,Free/Reduced Lunch,Completed Course,50,60,60
666,Female,Group C,Undergraduate,Free/Reduced Lunch,Completed Course,63,73,71
667,Female,Group B,Undergraduate,Free/Reduced Lunch,No Prep,77,85,87
668,Male,Group C,Undergraduate,Standard Lunch,No Prep,73,74,61
669,Male,Group D,Undergraduate,Standard Lunch,Completed Course,81,72,77
670,Female,Group C,Intermediate,Free/Reduced Lunch,No Prep,66,76,68
671,Male,Group D,Undergraduate,Free/Reduced Lunch,No Prep,52,57,50
672,Female,Group C,Undergraduate,Standard Lunch,No Prep,69,78,76
673,Female,Group C,Undergraduate,Standard Lunch,Completed Course,65,84,84
674,Female,Group D,Intermediate,Standard Lunch,Completed Course,69,77,78
675,Female,Group B,Undergraduate,Standard Lunch,Completed Course,50,64,66
676,Female,Group E,Undergraduate,Standard Lunch,Completed Course,73,78,76
677,Female,Group C,Intermediate,Standard Lunch,Completed Course,70,82,76
678,Male,Group D,Undergraduate,Free/Reduced Lunch,No Prep,81,75,78
679,Male,Group D,Undergraduate,Free/Reduced Lunch,No Prep,63,61,60
680,Female,Group D,Intermediate,Standard Lunch,No Prep,67,72,74
681,Male,Group B,Intermediate,Standard Lunch,No Prep,60,68,60
682,Male,Group B,Intermediate,Standard Lunch,No Prep,62,55,54
683,Female,Group C,Intermediate,Free/Reduced Lunch,Completed Course,29,40,44
684,Male,Group B,Undergraduate,Standard Lunch,Completed Course,62,66,68
685,Female,Group E,Postgraduate,Standard Lunch,Completed Course,94,99,100
686,Male,Group E,Undergraduate,Standard Lunch,Completed Course,85,75,68
687,Male,Group D,Undergraduate,Free/Reduced Lunch,No Prep,77,78,73
688,Male,Group A,Intermediate,Free/Reduced Lunch,No Prep,53,58,44
689,Male,Group E,Undergraduate,Free/Reduced Lunch,No Prep,93,90,83
690,Female,Group C,Undergraduate,Standard Lunch,No Prep,49,53,53
691,Female,Group E,Undergraduate,Free/Reduced Lunch,No Prep,73,76,78
692,Female,Group C,Undergraduate,Free/Reduced Lunch,Completed Course,66,74,81
693,Female,Group D,Undergraduate,Standard Lunch,No Prep,77,77,73
694,Female,Group C,Intermediate,Standard Lunch,No Prep,49,63,56
695,Female,Group D,Undergraduate,Free/Reduced Lunch,No Prep,79,89,86
696,Female,Group C,Undergraduate,Standard Lunch,Completed Course,75,82,90
697,Female,Group A,Undergraduate,Standard Lunch,No Prep,59,72,70
698,Female,Group D,Undergraduate,Standard Lunch,Completed Course,57,78,79
699,Male,Group C,Intermediate,Free/Reduced Lunch,No Prep,66,66,59
700,Female,Group E,Undergraduate,Standard Lunch,Completed Course,79,81,82
701,Female,Group B,Intermediate,Standard Lunch,No Prep,57,67,72
702,Male,Group A,Undergraduate,Standard Lunch,Completed Course,87,84,87
703,Female,Group D,Undergraduate,Standard Lunch,No Prep,63,64,67
704,Female,Group B,Intermediate,Free/Reduced Lunch,Completed Course,59,63,64
705,Male,Group A,Undergraduate,Free/Reduced Lunch,No Prep,62,72,65
706,Male,Group D,Intermediate,Standard Lunch,No Prep,46,34,36
707,Male,Group C,Undergraduate,Standard Lunch,No Prep,66,59,52
708,Male,Group D,Intermediate,Standard Lunch,No Prep,89,87,79
709,Female,Group D,Undergraduate,Free/Reduced Lunch,Completed Course,42,61,58
710,Male,Group C,Undergraduate,Standard Lunch,Completed Course,93,84,90
711,Female,Group E,Intermediate,Standard Lunch,Completed Course,80,85,85
712,Female,Group D,Undergraduate,Standard Lunch,No Prep,98,100,99
713,Male,Group D,Postgraduate,Standard Lunch,No Prep,81,81,84
714,Female,Group B,Intermediate,Standard Lunch,Completed Course,60,70,74
715,Female,Group B,Undergraduate,Free/Reduced Lunch,Completed Course,76,94,87
716,Male,Group C,Undergraduate,Standard Lunch,Completed Course,73,78,72
717,Female,Group C,Undergraduate,Standard Lunch,Completed Course,96,96,99
718,Female,Group C,Intermediate,Standard Lunch,No Prep,76,76,74
719,Male,Group E,Undergraduate,Free/Reduced Lunch,Completed Course,91,73,80
720,Female,Group C,Undergraduate,Free/Reduced Lunch,No Prep,62,72,70
721,Male,Group D,Intermediate,Free/Reduced Lunch,Completed Course,55,59,59
722,Female,Group B,Intermediate,Free/Reduced Lunch,Completed Course,74,90,88
723,Male,Group C,Intermediate,Standard Lunch,No Prep,50,48,42
724,Male,Group B,Undergraduate,Standard Lunch,No Prep,47,43,41
725,Male,Group E,Undergraduate,Standard Lunch,Completed Course,81,74,71
726,Female,Group E,Undergraduate,Standard Lunch,Completed Course,65,75,77
727,Male,Group E,Intermediate,Standard Lunch,Completed Course,68,51,57
728,Female,Group D,Intermediate,Free/Reduced Lunch,No Prep,73,92,84
729,Male,Group C,Undergraduate,Standard Lunch,No Prep,53,39,37
730,Female,Group B,Undergraduate,Free/Reduced Lunch,Completed Course,68,77,80
731,Male,Group A,Intermediate,Free/Reduced Lunch,No Prep,55,46,43
732,Female,Group C,Undergraduate,Standard Lunch,Completed Course,87,89,94
733,Male,Group D,Intermediate,Standard Lunch,No Prep,55,47,44
734,Female,Group E,Undergraduate,Free/Reduced Lunch,No Prep,53,58,57
735,Male,Group C,Postgraduate,Standard Lunch,No Prep,67,57,59
736,Male,Group C,Undergraduate,Standard Lunch,No Prep,92,79,84
737,Female,Group B,Undergraduate,Free/Reduced Lunch,Completed Course,53,66,73
738,Male,Group D,Undergraduate,Standard Lunch,No Prep,81,71,73
739,Male,Group C,Intermediate,Free/Reduced Lunch,No Prep,61,60,55
740,Male,Group D,Undergraduate,Standard Lunch,No Prep,80,73,72
741,Female,Group A,Undergraduate,Free/Reduced Lunch,No Prep,37,57,56
742,Female,Group C,Intermediate,Standard Lunch,No Prep,81,84,82
743,Female,Group C,Undergraduate,Standard Lunch,Completed Course,59,73,72
744,Male,Group B,Undergraduate,Free/Reduced Lunch,No Prep,55,55,47
745,Male,Group D,Undergraduate,Standard Lunch,No Prep,72,79,74
746,Male,Group D,Intermediate,Standard Lunch,No Prep,69,75,71
747,Male,Group C,Undergraduate,Standard Lunch,No Prep,69,64,68
748,Female,Group C,Undergraduate,Free/Reduced Lunch,No Prep,50,60,59
749,Male,Group B,Undergraduate,Standard Lunch,Completed Course,87,84,86
750,Male,Group D,Intermediate,Standard Lunch,Completed Course,71,69,68
751,Male,Group E,Undergraduate,Standard Lunch,No Prep,68,72,65
752,Male,Group C,Postgraduate,Free/Reduced Lunch,Completed Course,79,77,75
753,Female,Group C,Intermediate,Standard Lunch,Completed Course,77,90,85
754,Male,Group C,Undergraduate,Free/Reduced Lunch,No Prep,58,55,53
755,Female,Group E,Undergraduate,Standard Lunch,No Prep,84,95,92
756,Male,Group D,Undergraduate,Standard Lunch,No Prep,55,58,52
757,Male,Group E,Undergraduate,Free/Reduced Lunch,Completed Course,70,68,72
758,Female,Group D,Undergraduate,Free/Reduced Lunch,Completed Course,52,59,65
759,Male,Group B,Undergraduate,Standard Lunch,Completed Course,69,77,77
760,Female,Group C,Intermediate,Free/Reduced Lunch,No Prep,53,72,64
761,Female,Group D,Intermediate,Standard Lunch,No Prep,48,58,54
762,Male,Group D,Intermediate,Standard Lunch,Completed Course,78,81,86
763,Female,Group B,Intermediate,Standard Lunch,No Prep,62,62,63
764,Male,Group D,Undergraduate,Standard Lunch,No Prep,60,63,59
765,Female,Group B,Intermediate,Standard Lunch,No Prep,74,72,72
766,Female,Group C,Intermediate,Standard Lunch,Completed Course,58,75,77
767,Male,Group B,Intermediate,Standard Lunch,Completed Course,76,62,60
768,Female,Group D,Intermediate,Standard Lunch,No Prep,68,71,75
769,Male,Group A,Undergraduate,Free/Reduced Lunch,No Prep,58,60,57
770,Male,Group B,Intermediate,Standard Lunch,No Prep,52,48,49
771,Male,Group D,Undergraduate,Standard Lunch,No Prep,75,73,74
772,Female,Group B,Intermediate,Free/Reduced Lunch,Completed Course,52,67,72
773,Female,Group C,Undergraduate,Free/Reduced Lunch,No Prep,62,78,79
774,Male,Group B,Undergraduate,Standard Lunch,No Prep,66,65,60
775,Female,Group B,Intermediate,Free/Reduced Lunch,No Prep,49,58,55
776,Female,Group B,Intermediate,Standard Lunch,No Prep,66,72,70
777,Female,Group C,Undergraduate,Free/Reduced Lunch,No Prep,35,44,43
778,Female,Group A,Undergraduate,Standard Lunch,Completed Course,72,79,82
779,Male,Group E,Undergraduate,Standard Lunch,Completed Course,94,85,82
780,Female,Group D,Undergraduate,Free/Reduced Lunch,No Prep,46,56,57
781,Female,Group B,Postgraduate,Standard Lunch,No Prep,77,90,84
782,Female,Group B,Intermediate,Free/Reduced Lunch,Completed Course,76,85,82
783,Female,Group C,Undergraduate,Standard Lunch,Completed Course,52,59,62
784,Male,Group C,Undergraduate,Standard Lunch,Completed Course,91,81,79
785,Female,Group B,Intermediate,Standard Lunch,Completed Course,32,51,44
786,Female,Group E,Intermediate,Free/Reduced Lunch,No Prep,72,79,77
787,Female,Group B,Undergraduate,Standard Lunch,No Prep,19,38,32
788,Male,Group C,Undergraduate,Free/Reduced Lunch,No Prep,68,65,61
789,Female,Group C,Postgraduate,Free/Reduced Lunch,No Prep,52,65,61
790,Female,Group B,Intermediate,Standard Lunch,No Prep,48,62,60
791,Female,Group D,Undergraduate,Free/Reduced Lunch,No Prep,60,66,70
792,Male,Group D,Intermediate,Free/Reduced Lunch,No Prep,66,74,69
793,Male,Group E,Intermediate,Standard Lunch,Completed Course,89,84,77
794,Female,Group B,Intermediate,Standard Lunch,No Prep,42,52,51
795,Female,Group E,Undergraduate,Free/Reduced Lunch,Completed Course,57,68,73
796,Male,Group D,Intermediate,Standard Lunch,No Prep,70,70,70
797,Female,Group E,Undergraduate,Free/Reduced Lunch,No Prep,70,84,81
798,Male,Group E,Undergraduate,Standard Lunch,No Prep,69,60,54
799,Female,Group C,Undergraduate,Standard Lunch,No Prep,52,55,57
800,Male,Group C,Intermediate,Standard Lunch,Completed Course,67,73,68
801,Male,Group C,Intermediate,Standard Lunch,Completed Course,76,80,73
802,Female,Group E,Undergraduate,Standard Lunch,No Prep,87,94,95
803,Female,Group B,Undergraduate,Standard Lunch,No Prep,82,85,87
804,Female,Group C,Undergraduate,Standard Lunch,No Prep,73,76,78
805,Male,Group A,Undergraduate,Free/Reduced Lunch,No Prep,75,81,74
806,Female,Group D,Undergraduate,Free/Reduced Lunch,No Prep,64,74,75
807,Female,Group E,Intermediate,Free/Reduced Lunch,No Prep,41,45,40
808,Male,Group C,Intermediate,Standard Lunch,No Prep,90,75,69
809,Male,Group B,Undergraduate,Standard Lunch,No Prep,59,54,51
810,Male,Group A,Intermediate,Standard Lunch,No Prep,51,31,36
811,Male,Group A,Intermediate,Free/Reduced Lunch,No Prep,45,47,49
812,Female,Group C,Postgraduate,Standard Lunch,Completed Course,54,64,67
813,Male,Group E,Intermediate,Standard Lunch,Completed Course,87,84,76
814,Female,Group C,Intermediate,Standard Lunch,No Prep,72,80,83
815,Male,Group B,Intermediate,Standard Lunch,Completed Course,94,86,87
816,Female,Group A,Undergraduate,Standard Lunch,No Prep,45,59,64
817,Male,Group D,Undergraduate,Free/Reduced Lunch,Completed Course,61,70,76
818,Female,Group B,Intermediate,Free/Reduced Lunch,No Prep,60,72,68
819,Female,Group C,Intermediate,Standard Lunch,No Prep,77,91,88
820,Female,Group A,Intermediate,Standard Lunch,Completed Course,85,90,92
821,Female,Group D,Undergraduate,Free/Reduced Lunch,No Prep,78,90,93
822,Male,Group E,Undergraduate,Free/Reduced Lunch,Completed Course,49,52,51
823,Female,Group B,Intermediate,Free/Reduced Lunch,No Prep,71,87,82
824,Female,Group C,Intermediate,Free/Reduced Lunch,No Prep,48,58,52
825,Male,Group C,Intermediate,Standard Lunch,No Prep,62,67,58
826,Female,Group C,Undergraduate,Free/Reduced Lunch,Completed Course,56,68,70
827,Female,Group C,Intermediate,Standard Lunch,No Prep,65,69,76
828,Female,Group D,Intermediate,Free/Reduced Lunch,Completed Course,69,86,81
829,Male,Group B,Intermediate,Standard Lunch,No Prep,68,54,53
830,Female,Group A,Undergraduate,Free/Reduced Lunch,No Prep,61,60,57
831,Female,Group C,Undergraduate,Free/Reduced Lunch,Completed Course,74,86,89
832,Male,Group A,Undergraduate,Standard Lunch,No Prep,64,60,58
833,Female,Group B,Intermediate,Standard Lunch,Completed Course,77,82,89
834,Male,Group B,Undergraduate,Standard Lunch,No Prep,58,50,45
835,Female,Group C,Intermediate,Standard Lunch,Completed Course,60,64,74
836,Male,Group E,Intermediate,Standard Lunch,No Prep,73,64,57
837,Female,Group A,Intermediate,Standard Lunch,Completed Course,75,82,79
838,Male,Group B,Undergraduate,Free/Reduced Lunch,Completed Course,58,57,53
839,Female,Group C,Undergraduate,Standard Lunch,No Prep,66,77,73
840,Female,Group D,Intermediate,Free/Reduced Lunch,No Prep,39,52,46
841,Male,Group C,Intermediate,Standard Lunch,No Prep,64,58,51
842,Female,Group B,Intermediate,Free/Reduced Lunch,Completed Course,23,44,36
843,Male,Group B,Undergraduate,Free/Reduced Lunch,Completed Course,74,77,76
844,Female,Group D,Intermediate,Free/Reduced Lunch,Completed Course,40,65,64
845,Male,Group E,Postgraduate,Standard Lunch,No Prep,90,85,84
846,Male,Group C,Postgraduate,Standard Lunch,Completed Course,91,85,85
847,Male,Group D,Intermediate,Standard Lunch,No Prep,64,54,50
848,Female,Group C,Intermediate,Standard Lunch,No Prep,59,72,68
849,Male,Group D,Undergraduate,Standard Lunch,No Prep,80,75,69
850,Male,Group C,Postgraduate,Standard Lunch,No Prep,71,67,67
851,Female,Group A,Intermediate,Standard Lunch,No Prep,61,68,63
852,Female,Group E,Undergraduate,Standard Lunch,No Prep,87,85,93
853,Male,Group E,Intermediate,Standard Lunch,No Prep,82,67,61
854,Male,Group C,Intermediate,Standard Lunch,No Prep,62,64,55
855,Female,Group B,Undergraduate,Standard Lunch,No Prep,97,97,96
856,Male,Group B,Undergraduate,Free/Reduced Lunch,No Prep,75,68,65
857,Female,Group C,Undergraduate,Standard Lunch,No Prep,65,79,81
858,Male,Group B,Intermediate,Standard Lunch,Completed Course,52,49,46
859,Male,Group C,Undergraduate,Free/Reduced Lunch,No Prep,87,73,72
860,Female,Group C,Undergraduate,Standard Lunch,No Prep,53,62,53
861,Female,Group E,Postgraduate,Free/Reduced Lunch,No Prep,81,86,87
862,Male,Group D,Undergraduate,Free/Reduced Lunch,Completed Course,39,42,38
863,Female,Group C,Undergraduate,Standard Lunch,Completed Course,71,71,80
864,Male,Group C,Undergraduate,Standard Lunch,No Prep,97,93,91
865,Male,Group D,Undergraduate,Standard Lunch,Completed Course,82,82,88
866,Male,Group C,Intermediate,Free/Reduced Lunch,No Prep,59,53,52
867,Male,Group B,Undergraduate,Standard Lunch,No Prep,61,42,41
868,Male,Group E,Undergraduate,Free/Reduced Lunch,Completed Course,78,74,72
869,Male,Group C,Undergraduate,Free/Reduced Lunch,No Prep,49,51,51
870,Male,Group B,Intermediate,Standard Lunch,No Prep,59,58,47
871,Female,Group C,Undergraduate,Standard Lunch,Completed Course,70,72,76
872,Male,Group B,Undergraduate,Standard Lunch,Completed Course,82,84,78
873,Male,Group E,Undergraduate,Free/Reduced Lunch,No Prep,90,90,82
874,Female,Group C,Undergraduate,Free/Reduced Lunch,No Prep,43,62,61
875,Male,Group C,Undergraduate,Free/Reduced Lunch,No Prep,80,64,66
876,Male,Group D,Undergraduate,Standard Lunch,No Prep,81,82,84
877,Male,Group C,Intermediate,Standard Lunch,No Prep,57,61,54
878,Female,Group D,Intermediate,Standard Lunch,No Prep,59,72,80
879,Female,Group D,Undergraduate,Standard Lunch,No Prep,64,76,74
880,Male,Group C,Undergraduate,Standard Lunch,Completed Course,63,64,66
881,Female,Group E,Undergraduate,Standard Lunch,Completed Course,71,70,70
882,Female,Group B,Intermediate,Free/Reduced Lunch,No Prep,64,73,71
883,Male,Group D,Undergraduate,Free/Reduced Lunch,No Prep,55,46,44
884,Female,Group E,Undergraduate,Standard Lunch,No Prep,51,51,54
885,Female,Group C,Undergraduate,Standard Lunch,Completed Course,62,76,80
886,Female,Group E,Undergraduate,Standard Lunch,Completed Course,93,100,95
887,Male,Group C,Intermediate,Free/Reduced Lunch,No Prep,54,72,59
888,Female,Group D,Undergraduate,Free/Reduced Lunch,No Prep,69,65,74
889,Male,Group D,Intermediate,Free/Reduced Lunch,No Prep,44,51,48
890,Female,Group E,Undergraduate,Standard Lunch,Completed Course,86,85,91
891,Female,Group E,Undergraduate,Standard Lunch,No Prep,85,92,85
892,Female,Group A,Postgraduate,Free/Reduced Lunch,No Prep,50,67,73
893,Male,Group D,Intermediate,Standard Lunch,Completed Course,88,74,75
894,Female,Group E,Undergraduate,Standard Lunch,No Prep,59,62,69
895,Female,Group E,Intermediate,Free/Reduced Lunch,No Prep,32,34,38
896,Male,Group B,Intermediate,Free/Reduced Lunch,No Prep,36,29,27
897,Female,Group B,Intermediate,Free/Reduced Lunch,Completed Course,63,78,79
898,Male,Group D,Undergraduate,Standard Lunch,Completed Course,67,54,63
899,Female,Group D,Intermediate,Standard Lunch,Completed Course,65,78,82
900,Male,Group D,Postgraduate,Standard Lunch,No Prep,85,84,89
901,Female,Group C,Postgraduate,Standard Lunch,No Prep,73,78,74
902,Female,Group A,Intermediate,Free/Reduced Lunch,Completed Course,34,48,41
903,Female,Group D,Undergraduate,Free/Reduced Lunch,Completed Course,93,100,100
904,Female,Group D,Intermediate,Free/Reduced Lunch,No Prep,67,84,84
905,Male,Group D,Undergraduate,Standard Lunch,No Prep,88,77,77
906,Male,Group B,Intermediate,Standard Lunch,No Prep,57,48,51
907,Female,Group D,Undergraduate,Standard Lunch,Completed Course,79,84,91
908,Female,Group C,Undergraduate,Free/Reduced Lunch,No Prep,67,75,72
909,Male,Group E,Undergraduate,Standard Lunch,Completed Course,70,64,70
910,Male,Group D,Undergraduate,Free/Reduced Lunch,No Prep,50,42,48
911,Female,Group A,Undergraduate,Standard Lunch,No Prep,69,84,82
912,Female,Group C,Undergraduate,Standard Lunch,Completed Course,52,61,66
913,Female,Group C,Undergraduate,Free/Reduced Lunch,Completed Course,47,62,66
914,Female,Group B,Undergraduate,Free/Reduced Lunch,No Prep,46,61,55
915,Female,Group E,Undergraduate,Standard Lunch,No Prep,68,70,66
916,Male,Group E,Undergraduate,Standard Lunch,Completed Course,100,100,100
917,Female,Group C,Intermediate,Standard Lunch,No Prep,44,61,52
918,Female,Group C,Undergraduate,Standard Lunch,Completed Course,57,77,80
919,Male,Group B,Undergraduate,Standard Lunch,Completed Course,91,96,91
920,Male,Group D,Intermediate,Free/Reduced Lunch,No Prep,69,70,67
921,Female,Group C,Intermediate,Free/Reduced Lunch,No Prep,35,53,46
922,Male,Group D,Intermediate,Standard Lunch,No Prep,72,66,66
923,Female,Group B,Undergraduate,Free/Reduced Lunch,No Prep,54,65,65
924,Male,Group D,Intermediate,Free/Reduced Lunch,No Prep,74,70,69
925,Male,Group E,Intermediate,Standard Lunch,Completed Course,74,64,60
926,Male,Group E,Undergraduate,Free/Reduced Lunch,No Prep,64,56,52
927,Female,Group D,Intermediate,Free/Reduced Lunch,Completed Course,65,61,71
928,Male,Group E,Undergraduate,Free/Reduced Lunch,Completed Course,46,43,44
929,Female,Group C,Intermediate,Free/Reduced Lunch,No Prep,48,56,51
930,Male,Group C,Undergraduate,Free/Reduced Lunch,Completed Course,67,74,70
931,Male,Group D,Undergraduate,Free/Reduced Lunch,No Prep,62,57,62
932,Male,Group D,Undergraduate,Free/Reduced Lunch,Completed Course,61,71,73
933,Male,Group C,Undergraduate,Free/Reduced Lunch,Completed Course,70,75,74
934,Male,Group C,Undergraduate,Standard Lunch,Completed Course,98,87,90
935,Male,Group D,Undergraduate,Free/Reduced Lunch,No Prep,70,63,58
936,Male,Group A,Undergraduate,Standard Lunch,No Prep,67,57,53
937,Female,Group E,Intermediate,Free/Reduced Lunch,No Prep,57,58,57
938,Male,Group D,Undergraduate,Standard Lunch,Completed Course,85,81,85
939,Male,Group D,Intermediate,Standard Lunch,Completed Course,77,68,69
940,Male,Group C,Postgraduate,Free/Reduced Lunch,Completed Course,72,66,72
941,Female,Group D,Postgraduate,Standard Lunch,No Prep,78,91,96
942,Male,Group C,Intermediate,Standard Lunch,No Prep,81,66,64
943,Male,Group A,Intermediate,Free/Reduced Lunch,Completed Course,61,62,61
944,Female,Group B,Intermediate,Standard Lunch,No Prep,58,68,61
945,Female,Group C,Undergraduate,Standard Lunch,No Prep,54,61,58
946,Male,Group B,Intermediate,Standard Lunch,No Prep,82,82,80
947,Female,Group D,Undergraduate,Free/Reduced Lunch,No Prep,49,58,60
948,Male,Group B,Intermediate,Free/Reduced Lunch,Completed Course,49,50,52
949,Female,Group E,Intermediate,Free/Reduced Lunch,Completed Course,57,75,73
950,Male,Group E,Intermediate,Standard Lunch,No Prep,94,73,71
951,Female,Group D,Undergraduate,Standard Lunch,Completed Course,75,77,83
952,Female,Group E,Intermediate,Free/Reduced Lunch,No Prep,74,74,72
953,Male,Group C,Intermediate,Standard Lunch,Completed Course,58,52,54
954,Female,Group C,Undergraduate,Standard Lunch,No Prep,62,69,69
955,Male,Group E,Undergraduate,Standard Lunch,No Prep,72,57,62
956,Male,Group C,Undergraduate,Standard Lunch,No Prep,84,87,81
957,Female,Group D,Postgraduate,Standard Lunch,No Prep,92,100,100
958,Female,Group D,Intermediate,Standard Lunch,No Prep,45,63,59
959,Male,Group C,Intermediate,Standard Lunch,No Prep,75,81,71
960,Female,Group A,Undergraduate,Standard Lunch,No Prep,56,58,64
961,Female,Group D,Intermediate,Free/Reduced Lunch,No Prep,48,54,53
962,Female,Group E,Undergraduate,Standard Lunch,No Prep,100,100,100
963,Female,Group C,Intermediate,Free/Reduced Lunch,Completed Course,65,76,75
964,Male,Group D,Undergraduate,Standard Lunch,No Prep,72,57,58
965,Female,Group D,Undergraduate,Standard Lunch,No Prep,62,70,72
966,Male,Group A,Intermediate,Standard Lunch,Completed Course,66,68,64
967,Male,Group C,Undergraduate,Standard Lunch,No Prep,63,63,60
968,Female,Group E,Undergraduate,Standard Lunch,No Prep,68,76,67
969,Female,Group B,Undergraduate,Standard Lunch,No Prep,75,84,80
970,Female,Group D,Undergraduate,Standard Lunch,No Prep,89,100,100
971,Male,Group C,Intermediate,Standard Lunch,Completed Course,78,72,69
972,Female,Group A,Intermediate,Free/Reduced Lunch,Completed Course,53,50,60
973,Female,Group D,Undergraduate,Free/Reduced Lunch,No Prep,49,65,61
974,Female,Group A,Undergraduate,Standard Lunch,No Prep,54,63,67
975,Female,Group C,Undergraduate,Standard Lunch,Completed Course,64,82,77
976,Male,Group B,Undergraduate,Free/Reduced Lunch,Completed Course,60,62,60
977,Male,Group C,Undergraduate,Standard Lunch,No Prep,62,65,58
978,Male,Group D,Intermediate,Standard Lunch,Completed Course,55,41,48
979,Female,Group C,Undergraduate,Standard Lunch,No Prep,91,95,94
980,Female,Group B,Intermediate,Free/Reduced Lunch,No Prep,8,24,23
981,Male,Group D,Intermediate,Standard Lunch,No Prep,81,78,78
982,Male,Group B,Intermediate,Standard Lunch,Completed Course,79,85,86
983,Female,Group A,Undergraduate,Standard Lunch,Completed Course,78,87,91
984,Female,Group C,Intermediate,Standard Lunch,No Prep,74,75,82
985,Male,Group A,Intermediate,Standard Lunch,No Prep,57,51,54
986,Female,Group C,Undergraduate,Standard Lunch,No Prep,40,59,51
987,Male,Group E,Intermediate,Standard Lunch,Completed Course,81,75,76
988,Female,Group A,Intermediate,Free/Reduced Lunch,No Prep,44,45,45
989,Female,Group D,Undergraduate,Free/Reduced Lunch,Completed Course,67,86,83
990,Male,Group E,Intermediate,Free/Reduced Lunch,Completed Course,86,81,75
991,Female,Group B,Intermediate,Standard Lunch,Completed Course,65,82,78
992,Female,Group D,Undergraduate,Free/Reduced Lunch,No Prep,55,76,76
993,Female,Group D,Undergraduate,Free/Reduced Lunch,No Prep,62,72,74
994,Male,Group A,Intermediate,Standard Lunch,No Prep,63,63,62
995,Female,Group E,Postgraduate,Standard Lunch,Completed Course,88,99,95
996,Male,Group C,Intermediate,Free/Reduced Lunch,No Prep,62,55,55
997,Female,Group C,Intermediate,Free/Reduced Lunch,Completed Course,59,71,65
998,Female,Group D,Undergraduate,Standard Lunch,Completed Course,68,78,77
999,Female,Group D,Undergraduate,Free/Reduced Lunch,No Prep,77,86,86
